ROUTE,SOURCE,TARGET,JAN,FEB,MAR,APR,MAY,JUN,JUL,AUG,SEP,OCT,source_lat,source_lon,target_lat,target_lon,ID,flow
ABQ-PDX,ABQ,PDX,62,56,62,60,62,100,116,116,110,66,35.03894,-106.6082,45.58871,-122.5968,1,810
ABQ-SEA,ABQ,SEA,67,56,103,120,124,120,124,122,110,114,35.03894,-106.6082,47.44989,-122.3117,2,1060
ALW-SEA,ALW,SEA,168,152,162,156,158,154,160,152,120,124,46.0952,-118.2859,47.44989,-122.3117,3,1506
ANC-PDX,ANC,PDX,128,112,124,120,208,278,290,282,190,186,61.17416,-149.9982,45.58871,-122.5968,4,1918
ANC-SEA,ANC,SEA,916,814,963,950,1210,1557,1667,1643,1249,981,61.17416,-149.9982,47.44989,-122.3117,5,11950
ATL-PDX,ATL,PDX,171,154,184,172,186,297,391,305,234,176,33.63671,-84.42787,45.58871,-122.5968,6,2270
ATL-SEA,ATL,SEA,385,348,467,492,524,550,715,672,555,506,33.63671,-84.42787,47.44989,-122.3117,7,5214
AUS-PDX,AUS,PDX,62,56,62,80,89,124,144,102,94,90,30.19453,-97.66988,45.58871,-122.5968,8,903
AUS-SEA,AUS,SEA,180,152,169,189,210,216,220,218,196,201,30.19453,-97.66988,47.44989,-122.3117,9,1951
AZA-BLI,AZA,BLI,22,22,38,30,28,26,32,26,20,24,33.30777,-111.6555,48.7927,-122.5375,10,268
AZA-BOI,AZA,BOI,18,16,18,18,16,18,18,18,16,18,33.30777,-111.6555,43.56437,-116.2228,11,174
AZA-EUG,AZA,EUG,18,16,26,22,18,20,26,18,20,16,33.30777,-111.6555,44.12459,-123.2119,12,200
AZA-IDA,AZA,IDA,18,20,26,20,24,34,36,26,16,24,33.30777,-111.6555,43.51373,-112.0707,13,244
AZA-MFR,AZA,MFR,0,0,0,0,8,18,18,8,0,0,33.30777,-111.6555,42.37423,-122.8735,14,52
AZA-PSC,AZA,PSC,18,16,26,20,18,18,24,18,18,16,33.30777,-111.6555,46.2647,-119.119,15,192
BIL-PDX,BIL,PDX,62,56,62,60,62,60,62,62,60,62,45.80786,-108.5435,45.58871,-122.5968,16,608
BIL-SEA,BIL,SEA,116,104,120,120,124,120,124,124,120,124,45.80786,-108.5435,47.44989,-122.3117,17,1196
BLI-AZA,BLI,AZA,22,22,38,30,28,26,32,26,20,24,48.7927,-122.5375,33.30777,-111.6555,18,268
BLI-DEN,BLI,DEN,0,0,0,0,8,18,18,12,0,0,48.7927,-122.5375,39.86167,-104.6731,19,56
BLI-KOA,BLI,KOA,8,8,10,0,0,0,0,0,0,0,48.7927,-122.5375,19.73877,-156.0456,20,26
BLI-LAS,BLI,LAS,106,118,150,148,140,128,132,134,128,142,48.7927,-122.5375,36.08006,-115.1522,21,1326
BLI-LAX,BLI,LAX,18,16,34,26,28,30,36,30,18,16,48.7927,-122.5375,33.9425,-118.408,22,252
BLI-OAK,BLI,OAK,28,24,36,32,32,40,44,44,28,28,48.7927,-122.5375,37.72125,-122.2211,23,336
BLI-OGG,BLI,OGG,36,32,35,0,0,0,0,0,0,0,48.7927,-122.5375,20.89866,-156.4304,24,103
BLI-PDX,BLI,PDX,62,56,62,60,86,120,124,99,0,0,48.7927,-122.5375,45.58871,-122.5968,25,669
BLI-PSP,BLI,PSP,28,32,48,30,26,16,18,18,18,32,48.7927,-122.5375,33.82967,-116.5067,26,266
BLI-SAN,BLI,SAN,18,16,18,18,16,18,18,18,16,18,48.7927,-122.5375,32.73356,-117.1896,27,174
BLI-SEA,BLI,SEA,274,222,274,293,300,290,300,300,280,290,48.7927,-122.5375,47.44989,-122.3117,28,2823
BNA-SEA,BNA,SEA,116,103,122,118,120,194,246,233,170,117,36.12448,-86.67817,47.44989,-122.3117,29,1539
BOI-AZA,BOI,AZA,18,16,18,18,16,18,18,18,16,18,43.56437,-116.2228,33.30777,-111.6555,30,174
BOI-DAL,BOI,DAL,0,0,0,0,0,8,8,2,0,0,43.56437,-116.2228,32.84595,-96.85088,31,18
BOI-DEN,BOI,DEN,369,336,375,387,396,438,459,446,398,430,43.56437,-116.2228,39.86167,-104.6731,32,4034
BOI-DFW,BOI,DFW,62,56,62,60,62,108,120,102,60,62,43.56437,-116.2228,32.89724,-97.0377,33,754
BOI-GEG,BOI,GEG,245,211,255,258,264,256,262,262,240,240,43.56437,-116.2228,47.61903,-117.5352,34,2493
BOI-IAH,BOI,IAH,62,56,62,60,62,60,62,62,60,62,43.56437,-116.2228,29.98444,-95.34145,35,608
BOI-LAS,BOI,LAS,141,127,142,132,133,136,140,142,136,140,43.56437,-116.2228,36.08006,-115.1522,36,1369
BOI-LAX,BOI,LAX,158,128,142,138,140,139,142,142,138,186,43.56437,-116.2228,33.9425,-118.408,37,1453
BOI-LWS,BOI,LWS,62,56,62,60,60,51,53,43,0,0,43.56437,-116.2228,46.37451,-117.0154,38,447
BOI-MDW,BOI,MDW,0,0,0,0,0,48,62,18,10,0,43.56437,-116.2228,41.78598,-87.75242,39,138
BOI-MSP,BOI,MSP,92,96,114,112,116,158,168,166,114,114,43.56437,-116.2228,44.88198,-93.22179,40,1250
BOI-OAK,BOI,OAK,126,110,124,120,124,120,122,124,116,122,43.56437,-116.2228,37.72125,-122.2211,41,1208
BOI-ORD,BOI,ORD,140,140,186,166,182,180,186,186,180,185,43.56437,-116.2228,41.97453,-87.9066,42,1731
BOI-PDX,BOI,PDX,422,384,412,396,415,418,432,434,403,422,43.56437,-116.2228,45.58871,-122.5968,43,4138
BOI-PHX,BOI,PHX,260,252,308,298,308,300,306,266,180,186,43.56437,-116.2228,33.43428,-112.0115,44,2664
BOI-RNO,BOI,RNO,62,56,56,52,54,50,54,54,48,52,43.56437,-116.2228,39.49912,-119.7681,45,538
BOI-SAN,BOI,SAN,124,112,124,120,124,120,124,124,120,127,43.56437,-116.2228,32.73356,-117.1896,46,1219
BOI-SEA,BOI,SEA,755,640,753,754,808,768,907,897,750,776,43.56437,-116.2228,47.44989,-122.3117,47,7808
BOI-SFO,BOI,SFO,294,272,309,289,310,300,302,310,296,303,43.56437,-116.2228,37.61881,-122.3754,48,2985
BOI-SJC,BOI,SJC,62,56,62,106,124,120,124,124,120,124,43.56437,-116.2228,37.363,-121.9286,49,1022
BOI-SLC,BOI,SLC,394,352,410,404,404,400,392,416,366,394,43.56437,-116.2228,40.7884,-111.9777,50,3932
BOI-SMF,BOI,SMF,124,112,124,120,124,120,124,124,118,133,43.56437,-116.2228,38.69545,-121.5907,51,1223
BOS-PDX,BOS,PDX,46,40,56,60,114,205,240,227,157,134,42.36295,-71.00639,45.58871,-122.5968,52,1279
BOS-SEA,BOS,SEA,268,248,320,390,450,488,538,522,436,404,42.36295,-71.00639,47.44989,-122.3117,53,4064
BUR-PDX,BUR,PDX,190,218,228,215,205,205,240,247,240,246,34.2007,-118.3586,45.58871,-122.5968,54,2234
BUR-SEA,BUR,SEA,186,168,186,180,186,200,240,238,228,236,34.2007,-118.3586,47.44989,-122.3117,55,2048
BWI-PDX,BWI,PDX,0,0,0,0,0,104,124,62,0,0,39.17574,-76.66899,45.58871,-122.5968,56,290
BWI-SEA,BWI,SEA,138,114,172,180,186,180,185,186,129,108,39.17574,-76.66899,47.44989,-122.3117,57,1578
BZN-PDX,BZN,PDX,4,0,0,2,86,108,124,112,60,60,45.77724,-111.1502,45.58871,-122.5968,58,556
BZN-SEA,BZN,SEA,192,168,192,176,148,182,204,194,180,186,45.77724,-111.1502,47.44989,-122.3117,59,1822
CHS-SEA,CHS,SEA,36,32,40,44,44,42,44,46,40,44,32.89865,-80.04053,47.44989,-122.3117,60,412
CLE-PDX,CLE,PDX,0,0,0,20,28,24,28,8,0,0,41.40942,-81.8547,45.58871,-122.5968,61,108
CLE-SEA,CLE,SEA,0,0,0,26,34,36,34,14,0,0,41.40942,-81.8547,47.44989,-122.3117,62,144
CLT-PDX,CLT,PDX,76,56,62,60,60,60,116,86,82,86,35.21376,-80.94906,45.58871,-122.5968,63,744
CLT-SEA,CLT,SEA,160,152,131,104,176,227,242,243,227,182,35.21376,-80.94906,47.44989,-122.3117,64,1844
COS-SEA,COS,SEA,0,0,0,20,28,24,28,8,0,0,38.80581,-104.7007,47.44989,-122.3117,65,108
CVG-SEA,CVG,SEA,0,0,43,43,44,50,62,62,42,31,39.04884,-84.66783,47.44989,-122.3117,66,377
DAL-BOI,DAL,BOI,0,0,0,0,0,8,8,2,0,0,32.84595,-96.85088,43.56437,-116.2228,67,18
DAL-PDX,DAL,PDX,130,121,127,120,124,120,124,125,118,132,32.84595,-96.85088,45.58871,-122.5968,68,1241
DAL-SEA,DAL,SEA,186,168,186,180,186,180,186,184,180,183,32.84595,-96.85088,47.44989,-122.3117,69,1819
DCA-PDX,DCA,PDX,62,56,62,60,62,60,62,62,60,62,38.85145,-77.03772,45.58871,-122.5968,70,608
DCA-SEA,DCA,SEA,124,112,124,120,121,120,124,124,118,124,38.85145,-77.03772,47.44989,-122.3117,71,1211
DEN-BLI,DEN,BLI,0,0,0,0,8,18,18,12,0,0,39.86167,-104.6731,48.7927,-122.5375,72,56
DEN-BOI,DEN,BOI,369,336,375,387,396,438,459,446,398,430,39.86167,-104.6731,43.56437,-116.2228,73,4034
DEN-EUG,DEN,EUG,123,112,122,120,122,160,170,170,154,153,39.86167,-104.6731,44.12459,-123.2119,74,1406
DEN-GEG,DEN,GEG,246,218,246,242,282,341,358,350,308,328,39.86167,-104.6731,47.61903,-117.5352,75,2919
DEN-IDA,DEN,IDA,138,112,124,158,174,226,244,246,178,222,39.86167,-104.6731,43.51373,-112.0707,76,1822
DEN-MFR,DEN,MFR,123,112,124,115,122,168,184,146,176,177,39.86167,-104.6731,42.37423,-122.8735,77,1447
DEN-OTH,DEN,OTH,0,0,0,0,0,12,18,18,18,2,39.86167,-104.6731,43.41695,-124.247,78,68
DEN-PDX,DEN,PDX,528,468,538,551,574,600,628,646,601,617,39.86167,-104.6731,45.58871,-122.5968,79,5751
DEN-PSC,DEN,PSC,124,112,124,116,120,160,166,130,152,156,39.86167,-104.6731,46.2647,-119.119,80,1360
DEN-RDM,DEN,RDM,76,56,62,100,124,148,152,158,152,155,39.86167,-104.6731,44.25407,-121.1499,81,1183
DEN-SEA,DEN,SEA,1064,930,1066,1084,1152,1291,1342,1360,1181,1108,39.86167,-104.6731,47.44989,-122.3117,82,11578
DEN-SUN,DEN,SUN,62,55,62,4,0,5,62,62,7,0,39.86167,-104.6731,43.50379,-114.2955,83,319
DFW-BOI,DFW,BOI,62,56,62,60,62,108,120,102,60,62,32.89724,-97.0377,43.56437,-116.2228,84,754
DFW-GEG,DFW,GEG,76,56,62,60,62,96,102,92,57,62,32.89724,-97.0377,47.61903,-117.5352,85,725
DFW-PDX,DFW,PDX,274,224,303,300,332,355,362,370,346,300,32.89724,-97.0377,45.58871,-122.5968,86,3166
DFW-SEA,DFW,SEA,542,478,599,674,761,862,882,873,690,677,32.89724,-97.0377,47.44989,-122.3117,87,7038
DTW-PDX,DTW,PDX,67,56,103,132,184,158,158,139,84,84,42.21245,-83.35339,45.58871,-122.5968,88,1165
DTW-SEA,DTW,SEA,302,268,300,407,478,508,566,562,395,348,42.21245,-83.35339,47.44989,-122.3117,89,4134
EAT-SEA,EAT,SEA,176,144,172,172,202,230,240,228,168,176,47.39881,-120.2068,47.44989,-122.3117,90,1908
EUG-AZA,EUG,AZA,18,16,26,22,18,20,26,18,20,16,44.12459,-123.2119,33.30777,-111.6555,91,200
EUG-DEN,EUG,DEN,123,112,122,120,122,160,170,170,154,153,44.12459,-123.2119,39.86167,-104.6731,92,1406
EUG-LAS,EUG,LAS,18,16,18,18,22,27,24,18,16,18,44.12459,-123.2119,36.08006,-115.1522,93,195
EUG-LAX,EUG,LAX,142,128,146,138,140,140,142,142,140,142,44.12459,-123.2119,33.9425,-118.408,94,1400
EUG-OAK,EUG,OAK,18,16,22,18,18,20,28,26,22,16,44.12459,-123.2119,37.72125,-122.2211,95,204
EUG-PDX,EUG,PDX,184,209,197,172,180,180,186,182,152,156,44.12459,-123.2119,45.58871,-122.5968,96,1798
EUG-PHX,EUG,PHX,62,83,124,65,62,60,62,62,60,62,44.12459,-123.2119,33.43428,-112.0115,97,702
EUG-SAN,EUG,SAN,0,0,0,0,10,16,18,8,0,0,44.12459,-123.2119,32.73356,-117.1896,98,52
EUG-SEA,EUG,SEA,408,372,420,412,424,418,432,435,412,422,44.12459,-123.2119,47.44989,-122.3117,99,4155
EUG-SFO,EUG,SFO,239,189,229,236,248,280,282,293,258,262,44.12459,-123.2119,37.61881,-122.3754,100,2516
EUG-SJC,EUG,SJC,62,56,62,60,62,60,62,50,0,0,44.12459,-123.2119,37.363,-121.9286,101,474
EUG-SLC,EUG,SLC,114,100,124,120,120,120,124,126,120,124,44.12459,-123.2119,40.7884,-111.9777,102,1192
EWR-PDX,EWR,PDX,178,164,178,178,186,181,186,186,180,184,40.69249,-74.16869,45.58871,-122.5968,103,1801
EWR-SEA,EWR,SEA,327,304,361,360,372,408,434,428,394,396,40.69249,-74.16869,47.44989,-122.3117,104,3784
FAI-SEA,FAI,SEA,310,280,298,284,298,346,372,370,284,292,64.81511,-147.8564,47.44989,-122.3117,105,3134
FAT-PDX,FAT,PDX,62,56,62,60,63,70,70,70,60,62,36.77656,-119.7188,45.58871,-122.5968,106,635
FAT-SEA,FAT,SEA,124,112,148,180,186,180,184,186,178,184,36.77656,-119.7188,47.44989,-122.3117,107,1662
FCA-PDX,FCA,PDX,0,0,36,52,56,60,62,62,58,0,0,0,45.58871,-122.5968,108,386
FCA-SEA,FCA,SEA,168,152,174,172,180,180,186,186,180,184,0,0,47.44989,-122.3117,109,1762
FLL-SEA,FLL,SEA,74,64,90,118,108,120,124,124,70,62,26.07167,-80.1497,47.44989,-122.3117,110,954
GEG-BOI,GEG,BOI,245,211,255,258,264,256,262,262,240,240,47.61903,-117.5352,43.56437,-116.2228,111,2493
GEG-DEN,GEG,DEN,246,218,246,242,282,341,358,350,308,328,47.61903,-117.5352,39.86167,-104.6731,112,2919
GEG-DFW,GEG,DFW,76,56,62,60,62,96,102,92,57,62,47.61903,-117.5352,32.89724,-97.0377,113,725
GEG-LAS,GEG,LAS,124,112,124,120,124,120,124,136,134,142,47.61903,-117.5352,36.08006,-115.1522,114,1260
GEG-LAX,GEG,LAX,62,56,62,60,62,60,60,62,60,61,47.61903,-117.5352,33.9425,-118.408,115,605
GEG-MDW,GEG,MDW,0,0,0,0,0,48,62,12,0,0,47.61903,-117.5352,41.78598,-87.75242,116,122
GEG-MSP,GEG,MSP,120,108,124,120,124,166,220,202,158,124,47.61903,-117.5352,44.88198,-93.22179,117,1466
GEG-OAK,GEG,OAK,128,111,124,120,124,120,120,124,116,124,47.61903,-117.5352,37.72125,-122.2211,118,1211
GEG-ORD,GEG,ORD,61,56,62,61,62,59,62,63,70,72,47.61903,-117.5352,41.97453,-87.9066,119,628
GEG-PDX,GEG,PDX,452,360,457,472,514,540,555,558,519,546,47.61903,-117.5352,45.58871,-122.5968,120,4973
GEG-PHX,GEG,PHX,188,168,220,188,184,180,182,186,172,184,47.61903,-117.5352,33.43428,-112.0115,121,1852
GEG-SAN,GEG,SAN,0,0,0,0,0,0,0,0,8,61,47.61903,-117.5352,32.73356,-117.1896,122,69
GEG-SEA,GEG,SEA,1293,1146,1290,1301,1310,1332,1356,1392,1323,1369,47.61903,-117.5352,47.44989,-122.3117,123,13112
GEG-SFO,GEG,SFO,124,112,124,120,124,120,122,184,122,123,47.61903,-117.5352,37.61881,-122.3754,124,1275
GEG-SJC,GEG,SJC,0,0,0,46,62,60,62,62,60,62,47.61903,-117.5352,37.363,-121.9286,125,414
GEG-SLC,GEG,SLC,218,200,236,232,230,232,236,244,214,234,47.61903,-117.5352,40.7884,-111.9777,126,2276
GEG-SMF,GEG,SMF,62,56,62,60,62,60,62,62,60,62,47.61903,-117.5352,38.69545,-121.5907,127,608
GTF-SEA,GTF,SEA,62,56,62,103,112,120,124,118,94,97,47.48231,-111.3702,47.44989,-122.3117,128,948
HDN-SEA,HDN,SEA,36,32,28,0,0,0,0,0,0,0,40.4812,-107.2176,47.44989,-122.3117,129,96
HLN-SEA,HLN,SEA,62,56,62,60,62,60,62,62,58,62,46.60673,-111.9832,47.44989,-122.3117,130,606
HNL-PDX,HNL,PDX,128,116,134,120,132,136,142,134,120,124,21.31783,-157.9202,45.58871,-122.5968,131,1286
HNL-SEA,HNL,SEA,317,276,310,296,310,300,310,310,300,312,21.31783,-157.9202,47.44989,-122.3117,132,3041
HOU-PDX,HOU,PDX,0,0,0,46,62,60,62,12,0,0,29.64542,-95.2789,45.58871,-122.5968,133,242
HOU-SEA,HOU,SEA,0,0,0,0,0,48,62,12,0,0,29.64542,-95.2789,47.44989,-122.3117,134,122
IAD-PDX,IAD,PDX,14,0,46,60,62,60,62,62,60,62,38.94745,-77.45995,45.58871,-122.5968,135,488
IAD-SEA,IAD,SEA,185,160,222,232,240,284,308,309,288,299,38.94745,-77.45995,47.44989,-122.3117,136,2527
IAH-BOI,IAH,BOI,62,56,62,60,62,60,62,62,60,62,29.98444,-95.34145,43.56437,-116.2228,137,608
IAH-PDX,IAH,PDX,131,109,123,120,124,168,186,165,120,124,29.98444,-95.34145,45.58871,-122.5968,138,1370
IAH-SEA,IAH,SEA,332,272,340,407,515,538,556,524,403,383,29.98444,-95.34145,47.44989,-122.3117,139,4270
ICT-SEA,ICT,SEA,62,56,62,60,62,60,62,62,60,62,37.64995,-97.43306,47.44989,-122.3117,140,608
IDA-AZA,IDA,AZA,18,20,26,20,24,34,36,26,16,24,43.51373,-112.0707,33.30777,-111.6555,141,244
IDA-DEN,IDA,DEN,138,112,124,158,174,226,244,246,178,222,43.51373,-112.0707,39.86167,-104.6731,142,1822
IDA-LAS,IDA,LAS,18,16,18,18,16,18,18,18,12,18,43.51373,-112.0707,36.08006,-115.1522,143,170
IDA-LAX,IDA,LAX,0,0,0,0,0,14,18,16,0,0,43.51373,-112.0707,33.9425,-118.408,144,48
IDA-MSP,IDA,MSP,0,0,0,0,0,8,8,8,0,0,43.51373,-112.0707,44.88198,-93.22179,145,24
IDA-OAK,IDA,OAK,0,0,0,0,0,14,18,18,2,0,43.51373,-112.0707,37.72125,-122.2211,146,52
IDA-SLC,IDA,SLC,224,204,238,232,238,230,270,282,182,234,43.51373,-112.0707,40.7884,-111.9777,147,2334
IND-SEA,IND,SEA,62,56,62,60,62,86,122,124,114,116,39.71731,-86.29464,47.44989,-122.3117,148,864
JAC-SEA,JAC,SEA,14,8,10,0,0,8,8,8,0,0,43.60734,-110.7377,47.44989,-122.3117,149,56
JFK-PDX,JFK,PDX,168,146,180,204,226,272,284,298,224,194,40.63993,-73.7787,45.58871,-122.5968,150,2196
JFK-SEA,JFK,SEA,374,336,404,389,485,591,790,792,664,616,40.63993,-73.7787,47.44989,-122.3117,151,5441
JNU-SEA,JNU,SEA,158,144,159,162,253,383,403,403,219,155,58.35472,-134.5784,47.44989,-122.3117,152,2439
KOA-BLI,KOA,BLI,8,8,10,0,0,0,0,0,0,0,19.73877,-156.0456,48.7927,-122.5375,153,26
KOA-PDX,KOA,PDX,62,56,62,60,52,34,34,2,0,0,19.73877,-156.0456,45.58871,-122.5968,154,362
KOA-SEA,KOA,SEA,178,164,186,180,172,146,150,152,114,162,19.73877,-156.0456,47.44989,-122.3117,155,1604
KTN-SEA,KTN,SEA,186,168,186,180,224,342,372,360,216,186,55.35409,-131.7112,47.44989,-122.3117,156,2420
LAS-BLI,LAS,BLI,106,118,150,148,140,128,132,134,128,142,36.08006,-115.1522,48.7927,-122.5375,157,1326
LAS-BOI,LAS,BOI,141,127,142,132,133,136,140,142,136,140,36.08006,-115.1522,43.56437,-116.2228,158,1369
LAS-EUG,LAS,EUG,18,16,18,18,22,27,24,18,16,18,36.08006,-115.1522,44.12459,-123.2119,159,195
LAS-GEG,LAS,GEG,124,112,124,120,124,120,124,136,134,142,36.08006,-115.1522,47.61903,-117.5352,160,1260
LAS-IDA,LAS,IDA,18,16,18,18,16,18,18,18,12,18,36.08006,-115.1522,43.51373,-112.0707,161,170
LAS-MFR,LAS,MFR,18,16,18,18,18,20,26,18,18,16,36.08006,-115.1522,42.37423,-122.8735,162,186
LAS-PDX,LAS,PDX,462,382,464,521,560,538,558,552,567,582,36.08006,-115.1522,45.58871,-122.5968,163,5186
LAS-PSC,LAS,PSC,18,16,18,18,22,26,26,22,16,18,36.08006,-115.1522,46.2647,-119.119,164,200
LAS-SEA,LAS,SEA,985,856,1046,1055,1109,1177,1224,1272,1134,1170,36.08006,-115.1522,47.44989,-122.3117,165,11028
LAX-BLI,LAX,BLI,18,16,34,26,28,30,36,30,18,16,33.9425,-118.408,48.7927,-122.5375,166,252
LAX-BOI,LAX,BOI,158,128,142,138,140,139,142,142,138,186,33.9425,-118.408,43.56437,-116.2228,167,1453
LAX-EUG,LAX,EUG,142,128,146,138,140,140,142,142,140,142,33.9425,-118.408,44.12459,-123.2119,168,1400
LAX-GEG,LAX,GEG,62,56,62,60,62,60,60,62,60,61,33.9425,-118.408,47.61903,-117.5352,169,605
LAX-IDA,LAX,IDA,0,0,0,0,0,14,18,16,0,0,33.9425,-118.408,43.51373,-112.0707,170,48
LAX-MFR,LAX,MFR,80,76,92,174,214,204,210,210,196,199,33.9425,-118.408,42.37423,-122.8735,171,1655
LAX-PDX,LAX,PDX,952,868,1023,990,1037,1032,1050,1081,1006,1039,33.9425,-118.408,45.58871,-122.5968,172,10078
LAX-PSC,LAX,PSC,0,0,0,0,0,14,18,8,0,0,33.9425,-118.408,46.2647,-119.119,173,40
LAX-RDM,LAX,RDM,63,56,62,104,124,120,124,124,120,122,33.9425,-118.408,44.25407,-121.1499,174,1019
LAX-SEA,LAX,SEA,1678,1502,1717,1727,1827,1842,1898,1902,1742,1828,33.9425,-118.408,47.44989,-122.3117,175,17663
LAX-SUN,LAX,SUN,66,56,62,4,0,44,62,62,46,12,33.9425,-118.408,43.50379,-114.2955,176,414
LGB-PDX,LGB,PDX,124,112,124,120,124,120,124,124,68,62,33.81793,-118.1519,45.58871,-122.5968,177,1102
LGB-SEA,LGB,SEA,124,110,102,120,123,120,124,124,68,62,33.81793,-118.1519,47.44989,-122.3117,178,1077
LIH-PDX,LIH,PDX,35,32,53,60,38,0,0,0,0,0,21.97599,-159.3389,45.58871,-122.5968,179,218
LIH-SEA,LIH,SEA,168,160,186,164,156,150,160,150,164,166,21.97599,-159.3389,47.44989,-122.3117,180,1624
LWS-BOI,LWS,BOI,62,56,62,60,60,51,53,43,0,0,46.37451,-117.0154,43.56437,-116.2228,181,447
LWS-SEA,LWS,SEA,114,104,102,96,104,110,116,92,0,0,46.37451,-117.0154,47.44989,-122.3117,182,838
LWS-SLC,LWS,SLC,102,88,110,112,114,110,120,124,112,158,46.37451,-117.0154,40.7884,-111.9777,183,1150
MCI-PDX,MCI,PDX,50,40,52,62,124,120,126,124,120,124,39.29762,-94.7139,45.58871,-122.5968,184,942
MCI-SEA,MCI,SEA,121,96,142,155,168,223,246,248,224,230,39.29762,-94.7139,47.44989,-122.3117,185,1853
MCO-PDX,MCO,PDX,62,56,62,60,62,60,62,62,60,62,28.42939,-81.309,45.58871,-122.5968,186,608
MCO-SEA,MCO,SEA,142,169,214,182,180,174,219,199,148,137,28.42939,-81.309,47.44989,-122.3117,187,1764
MDW-BOI,MDW,BOI,0,0,0,0,0,48,62,18,10,0,41.78598,-87.75242,43.56437,-116.2228,188,138
MDW-GEG,MDW,GEG,0,0,0,0,0,48,62,12,0,0,41.78598,-87.75242,47.61903,-117.5352,189,122
MDW-PDX,MDW,PDX,110,94,106,102,108,158,176,172,122,124,41.78598,-87.75242,45.58871,-122.5968,190,1272
MDW-SEA,MDW,SEA,112,94,153,162,170,260,290,206,179,126,41.78598,-87.75242,47.44989,-122.3117,191,1752
MFR-AZA,MFR,AZA,0,0,0,0,8,18,18,8,0,0,42.37423,-122.8735,33.30777,-111.6555,192,52
MFR-DEN,MFR,DEN,123,112,124,115,122,168,184,146,176,177,42.37423,-122.8735,39.86167,-104.6731,193,1447
MFR-LAS,MFR,LAS,18,16,18,18,18,20,26,18,18,16,42.37423,-122.8735,36.08006,-115.1522,194,186
MFR-LAX,MFR,LAX,80,76,92,174,214,204,210,210,196,199,42.37423,-122.8735,33.9425,-118.408,195,1655
MFR-PDX,MFR,PDX,288,264,292,284,320,350,362,364,334,352,42.37423,-122.8735,45.58871,-122.5968,196,3210
MFR-PHX,MFR,PHX,62,56,62,60,62,60,62,62,60,62,42.37423,-122.8735,33.43428,-112.0115,197,608
MFR-SEA,MFR,SEA,230,206,278,292,304,346,372,365,350,362,42.37423,-122.8735,47.44989,-122.3117,198,3105
MFR-SFO,MFR,SFO,255,216,232,234,248,289,300,308,286,300,42.37423,-122.8735,37.61881,-122.3754,199,2668
MFR-SLC,MFR,SLC,114,100,122,120,124,120,124,118,120,124,42.37423,-122.8735,40.7884,-111.9777,200,1186
MIA-SEA,MIA,SEA,76,56,62,60,62,108,124,102,60,62,25.79537,-80.29011,47.44989,-122.3117,201,772
MKE-PDX,MKE,PDX,0,0,0,0,0,35,62,49,0,0,42.94695,-87.89706,45.58871,-122.5968,202,146
MKE-SEA,MKE,SEA,124,112,124,120,120,168,184,180,170,128,42.94695,-87.89706,47.44989,-122.3117,203,1430
MSN-SEA,MSN,SEA,0,0,0,0,0,0,0,2,0,0,43.13989,-89.33751,47.44989,-122.3117,204,2
MSO-PDX,MSO,PDX,62,56,62,46,60,60,62,62,60,60,46.91631,-114.0905,45.58871,-122.5968,205,590
MSO-SEA,MSO,SEA,238,216,238,220,240,240,248,248,230,238,46.91631,-114.0905,47.44989,-122.3117,206,2356
MSP-BOI,MSP,BOI,92,96,114,112,116,158,168,166,114,114,44.88198,-93.22179,43.56437,-116.2228,207,1250
MSP-GEG,MSP,GEG,120,108,124,120,124,166,220,202,158,124,44.88198,-93.22179,47.61903,-117.5352,208,1466
MSP-IDA,MSP,IDA,0,0,0,0,0,8,8,8,0,0,44.88198,-93.22179,43.51373,-112.0707,209,24
MSP-PDX,MSP,PDX,242,212,279,267,271,347,390,375,313,292,44.88198,-93.22179,45.58871,-122.5968,210,2988
MSP-PSC,MSP,PSC,62,56,62,60,62,100,120,120,108,112,44.88198,-93.22179,46.2647,-119.119,211,862
MSP-SEA,MSP,SEA,449,405,502,551,590,637,660,666,537,502,44.88198,-93.22179,47.44989,-122.3117,212,5499
MSY-SEA,MSY,SEA,62,66,72,60,62,60,62,62,60,66,29.99328,-90.25903,47.44989,-122.3117,213,632
OAK-BLI,OAK,BLI,28,24,36,32,32,40,44,44,28,28,37.72125,-122.2211,48.7927,-122.5375,214,336
OAK-BOI,OAK,BOI,126,110,124,120,124,120,122,124,116,122,37.72125,-122.2211,43.56437,-116.2228,215,1208
OAK-EUG,OAK,EUG,18,16,22,18,18,20,28,26,22,16,37.72125,-122.2211,44.12459,-123.2119,216,204
OAK-GEG,OAK,GEG,128,111,124,120,124,120,120,124,116,124,37.72125,-122.2211,47.61903,-117.5352,217,1211
OAK-IDA,OAK,IDA,0,0,0,0,0,14,18,18,2,0,37.72125,-122.2211,43.51373,-112.0707,218,52
OAK-PDX,OAK,PDX,422,366,470,496,512,500,522,526,483,512,37.72125,-122.2211,45.58871,-122.5968,219,4809
OAK-SEA,OAK,SEA,608,532,530,538,570,608,642,645,615,643,37.72125,-122.2211,47.44989,-122.3117,220,5931
OGG-BLI,OGG,BLI,36,32,35,0,0,0,0,0,0,0,20.89866,-156.4304,48.7927,-122.5375,221,103
OGG-PDX,OGG,PDX,151,160,184,180,175,155,159,159,146,150,20.89866,-156.4304,45.58871,-122.5968,222,1619
OGG-SEA,OGG,SEA,248,224,250,246,235,205,213,219,240,248,20.89866,-156.4304,47.44989,-122.3117,223,2328
OKC-SEA,OKC,SEA,62,56,62,60,62,60,62,62,60,60,35.39308,-97.60077,47.44989,-122.3117,224,606
OMA-PDX,OMA,PDX,0,0,0,3,58,60,62,49,0,0,41.30317,-95.89406,45.58871,-122.5968,225,232
OMA-SEA,OMA,SEA,62,56,62,60,62,60,62,62,60,60,41.30317,-95.89406,47.44989,-122.3117,226,606
ONT-PDX,ONT,PDX,172,150,176,170,166,160,184,186,178,178,34.056,-117.6012,45.58871,-122.5968,227,1720
ONT-SEA,ONT,SEA,127,112,153,164,168,162,168,170,162,166,34.056,-117.6012,47.44989,-122.3117,228,1552
ORD-BOI,ORD,BOI,140,140,186,166,182,180,186,186,180,185,41.97453,-87.9066,43.56437,-116.2228,229,1731
ORD-GEG,ORD,GEG,61,56,62,61,62,59,62,63,70,72,41.97453,-87.9066,47.61903,-117.5352,230,628
ORD-PDX,ORD,PDX,336,249,316,372,452,561,607,632,610,538,41.97453,-87.9066,45.58871,-122.5968,231,4673
ORD-SEA,ORD,SEA,806,620,732,891,1015,1107,1167,1188,1036,1042,41.97453,-87.9066,47.44989,-122.3117,232,9604
ORD-SUN,ORD,SUN,2,4,10,0,0,0,0,0,0,0,41.97453,-87.9066,43.50379,-114.2955,233,16
OTH-DEN,OTH,DEN,0,0,0,0,0,12,18,18,18,2,43.41695,-124.247,39.86167,-104.6731,234,68
OTH-SFO,OTH,SFO,36,32,56,60,62,60,62,62,60,62,43.41695,-124.247,37.61881,-122.3754,235,552
PDX-ABQ,PDX,ABQ,62,56,62,60,62,100,116,116,110,66,45.58871,-122.5968,35.03894,-106.6082,236,810
PDX-ANC,PDX,ANC,128,112,124,120,208,278,290,282,190,186,45.58871,-122.5968,61.17416,-149.9982,237,1918
PDX-ATL,PDX,ATL,171,154,184,172,186,297,391,305,234,176,45.58871,-122.5968,33.63671,-84.42787,238,2270
PDX-AUS,PDX,AUS,62,56,62,80,89,124,144,102,94,90,45.58871,-122.5968,30.19453,-97.66988,239,903
PDX-BIL,PDX,BIL,62,56,62,60,62,60,62,62,60,62,45.58871,-122.5968,45.80786,-108.5435,240,608
PDX-BLI,PDX,BLI,62,56,62,60,86,120,124,99,0,0,45.58871,-122.5968,48.7927,-122.5375,241,669
PDX-BOI,PDX,BOI,422,384,412,396,415,418,432,434,403,422,45.58871,-122.5968,43.56437,-116.2228,242,4138
PDX-BOS,PDX,BOS,46,40,56,60,114,205,240,227,157,134,45.58871,-122.5968,42.36295,-71.00639,243,1279
PDX-BUR,PDX,BUR,190,218,228,215,205,205,240,247,240,246,45.58871,-122.5968,34.2007,-118.3586,244,2234
PDX-BWI,PDX,BWI,0,0,0,0,0,104,124,62,0,0,45.58871,-122.5968,39.17574,-76.66899,245,290
PDX-BZN,PDX,BZN,4,0,0,2,86,108,124,112,60,60,45.58871,-122.5968,45.77724,-111.1502,246,556
PDX-CLE,PDX,CLE,0,0,0,20,28,24,28,8,0,0,45.58871,-122.5968,41.40942,-81.8547,247,108
PDX-CLT,PDX,CLT,76,56,62,60,60,60,116,86,82,86,45.58871,-122.5968,35.21376,-80.94906,248,744
PDX-DAL,PDX,DAL,130,121,127,120,124,120,124,125,118,132,45.58871,-122.5968,32.84595,-96.85088,249,1241
PDX-DCA,PDX,DCA,62,56,62,60,62,60,62,62,60,62,45.58871,-122.5968,38.85145,-77.03772,250,608
PDX-DEN,PDX,DEN,528,468,538,551,574,600,628,646,601,617,45.58871,-122.5968,39.86167,-104.6731,251,5751
PDX-DFW,PDX,DFW,274,224,303,300,332,355,362,370,346,300,45.58871,-122.5968,32.89724,-97.0377,252,3166
PDX-DTW,PDX,DTW,67,56,103,132,184,158,158,139,84,84,45.58871,-122.5968,42.21245,-83.35339,253,1165
PDX-EUG,PDX,EUG,184,209,197,172,180,180,186,182,152,156,45.58871,-122.5968,44.12459,-123.2119,254,1798
PDX-EWR,PDX,EWR,178,164,178,178,186,181,186,186,180,184,45.58871,-122.5968,40.69249,-74.16869,255,1801
PDX-FAT,PDX,FAT,62,56,62,60,63,70,70,70,60,62,45.58871,-122.5968,36.77656,-119.7188,256,635
PDX-FCA,PDX,FCA,0,0,36,52,56,60,62,62,58,0,45.58871,-122.5968,0,0,257,386
PDX-GEG,PDX,GEG,452,360,457,472,514,540,555,558,519,546,45.58871,-122.5968,47.61903,-117.5352,258,4973
PDX-HNL,PDX,HNL,128,116,134,120,132,136,142,134,120,124,45.58871,-122.5968,21.31783,-157.9202,259,1286
PDX-HOU,PDX,HOU,0,0,0,46,62,60,62,12,0,0,45.58871,-122.5968,29.64542,-95.2789,260,242
PDX-IAD,PDX,IAD,14,0,46,60,62,60,62,62,60,62,45.58871,-122.5968,38.94745,-77.45995,261,488
PDX-IAH,PDX,IAH,131,109,123,120,124,168,186,165,120,124,45.58871,-122.5968,29.98444,-95.34145,262,1370
PDX-JFK,PDX,JFK,168,146,180,204,226,272,284,298,224,194,45.58871,-122.5968,40.63993,-73.7787,263,2196
PDX-KOA,PDX,KOA,62,56,62,60,52,34,34,2,0,0,45.58871,-122.5968,19.73877,-156.0456,264,362
PDX-LAS,PDX,LAS,462,382,464,521,560,538,558,552,567,582,45.58871,-122.5968,36.08006,-115.1522,265,5186
PDX-LAX,PDX,LAX,952,868,1023,990,1037,1032,1050,1081,1006,1039,45.58871,-122.5968,33.9425,-118.408,266,10078
PDX-LGB,PDX,LGB,124,112,124,120,124,120,124,124,68,62,45.58871,-122.5968,33.81793,-118.1519,267,1102
PDX-LIH,PDX,LIH,35,32,53,60,38,0,0,0,0,0,45.58871,-122.5968,21.97599,-159.3389,268,218
PDX-MCI,PDX,MCI,50,40,52,62,124,120,126,124,120,124,45.58871,-122.5968,39.29762,-94.7139,269,942
PDX-MCO,PDX,MCO,62,56,62,60,62,60,62,62,60,62,45.58871,-122.5968,28.42939,-81.309,270,608
PDX-MDW,PDX,MDW,110,94,106,102,108,158,176,172,122,124,45.58871,-122.5968,41.78598,-87.75242,271,1272
PDX-MFR,PDX,MFR,288,264,292,284,320,350,362,364,334,352,45.58871,-122.5968,42.37423,-122.8735,272,3210
PDX-MKE,PDX,MKE,0,0,0,0,0,35,62,49,0,0,45.58871,-122.5968,42.94695,-87.89706,273,146
PDX-MSO,PDX,MSO,62,56,62,46,60,60,62,62,60,60,45.58871,-122.5968,46.91631,-114.0905,274,590
PDX-MSP,PDX,MSP,242,212,279,267,271,347,390,375,313,292,45.58871,-122.5968,44.88198,-93.22179,275,2988
PDX-OAK,PDX,OAK,422,366,470,496,512,500,522,526,483,512,45.58871,-122.5968,37.72125,-122.2211,276,4809
PDX-OGG,PDX,OGG,151,160,184,180,175,155,159,159,146,150,45.58871,-122.5968,20.89866,-156.4304,277,1619
PDX-OMA,PDX,OMA,0,0,0,3,58,60,62,49,0,0,45.58871,-122.5968,41.30317,-95.89406,278,232
PDX-ONT,PDX,ONT,172,150,176,170,166,160,184,186,178,178,45.58871,-122.5968,34.056,-117.6012,279,1720
PDX-ORD,PDX,ORD,336,249,316,372,452,561,607,632,610,538,45.58871,-122.5968,41.97453,-87.9066,280,4673
PDX-PHL,PDX,PHL,0,0,0,0,0,103,124,89,0,0,45.58871,-122.5968,39.87209,-75.24066,281,316
PDX-PHX,PDX,PHX,482,505,632,532,543,521,544,516,452,492,45.58871,-122.5968,33.43428,-112.0115,282,5219
PDX-PSC,PDX,PSC,0,0,41,60,62,60,62,49,0,0,45.58871,-122.5968,46.2647,-119.119,283,334
PDX-PSP,PDX,PSP,71,72,110,120,72,4,8,8,10,66,45.58871,-122.5968,33.82967,-116.5067,284,541
PDX-RDM,PDX,RDM,240,216,238,232,264,290,300,290,226,238,45.58871,-122.5968,44.25407,-121.1499,285,2534
PDX-RNO,PDX,RNO,184,112,153,164,174,180,186,184,162,166,45.58871,-122.5968,39.49912,-119.7681,286,1665
PDX-SAN,PDX,SAN,346,318,354,336,348,396,414,412,380,357,45.58871,-122.5968,32.73356,-117.1896,287,3661
PDX-SBA,PDX,SBA,62,56,62,60,62,60,62,62,60,62,45.58871,-122.5968,34.4262,-119.8415,288,608
PDX-SEA,PDX,SEA,1818,1604,1790,1783,1872,1860,1995,1976,1699,1790,45.58871,-122.5968,47.44989,-122.3117,289,18187
PDX-SFO,PDX,SFO,981,924,1123,1085,1060,1104,1121,1144,1076,1059,45.58871,-122.5968,37.61881,-122.3754,290,10677
PDX-SJC,PDX,SJC,524,457,474,529,590,592,615,623,580,618,45.58871,-122.5968,37.363,-121.9286,291,5602
PDX-SLC,PDX,SLC,452,420,471,447,469,508,522,530,448,464,45.58871,-122.5968,40.7884,-111.9777,292,4731
PDX-SMF,PDX,SMF,465,356,475,498,518,486,522,532,485,510,45.58871,-122.5968,38.69545,-121.5907,293,4847
PDX-SNA,PDX,SNA,202,224,236,224,229,221,230,234,228,238,45.58871,-122.5968,33.67567,-117.8682,294,2266
PDX-STL,PDX,STL,62,56,104,120,100,60,62,62,60,62,45.58871,-122.5968,38.7487,-90.37004,295,748
PDX-STS,PDX,STS,62,56,62,60,85,120,124,124,118,124,45.58871,-122.5968,38.5097,-122.8129,296,935
PDX-SUN,PDX,SUN,18,16,18,0,0,10,16,18,10,0,45.58871,-122.5968,43.50379,-114.2955,297,106
PDX-TUS,PDX,TUS,62,56,62,60,52,0,0,0,0,0,45.58871,-122.5968,32.11607,-110.941,298,292
PHL-PDX,PHL,PDX,0,0,0,0,0,103,124,89,0,0,39.87209,-75.24066,45.58871,-122.5968,299,316
PHL-SEA,PHL,SEA,128,112,124,120,180,220,230,240,230,193,39.87209,-75.24066,47.44989,-122.3117,300,1777
PHX-BOI,PHX,BOI,260,252,308,298,308,300,306,266,180,186,33.43428,-112.0115,43.56437,-116.2228,301,2664
PHX-EUG,PHX,EUG,62,83,124,65,62,60,62,62,60,62,33.43428,-112.0115,44.12459,-123.2119,302,702
PHX-GEG,PHX,GEG,188,168,220,188,184,180,182,186,172,184,33.43428,-112.0115,47.61903,-117.5352,303,1852
PHX-MFR,PHX,MFR,62,56,62,60,62,60,62,62,60,62,33.43428,-112.0115,42.37423,-122.8735,304,608
PHX-PDX,PHX,PDX,482,505,632,532,543,521,544,516,452,492,33.43428,-112.0115,45.58871,-122.5968,305,5219
PHX-RDM,PHX,RDM,62,56,62,60,62,60,62,62,60,62,33.43428,-112.0115,44.25407,-121.1499,306,608
PHX-SEA,PHX,SEA,965,948,1188,1130,1060,996,1022,1020,952,994,33.43428,-112.0115,47.44989,-122.3117,307,10275
PIH-SLC,PIH,SLC,176,160,236,232,238,212,198,228,238,240,42.90981,-112.5959,40.7884,-111.9777,308,2158
PIT-SEA,PIT,SEA,0,0,0,0,0,0,0,0,50,62,40.49142,-80.2327,47.44989,-122.3117,309,112
PSC-AZA,PSC,AZA,18,16,26,20,18,18,24,18,18,16,46.2647,-119.119,33.30777,-111.6555,310,192
PSC-DEN,PSC,DEN,124,112,124,116,120,160,166,130,152,156,46.2647,-119.119,39.86167,-104.6731,311,1360
PSC-LAS,PSC,LAS,18,16,18,18,22,26,26,22,16,18,46.2647,-119.119,36.08006,-115.1522,312,200
PSC-LAX,PSC,LAX,0,0,0,0,0,14,18,8,0,0,46.2647,-119.119,33.9425,-118.408,313,40
PSC-MSP,PSC,MSP,62,56,62,60,62,100,120,120,108,112,46.2647,-119.119,44.88198,-93.22179,314,862
PSC-PDX,PSC,PDX,0,0,41,60,62,60,62,49,0,0,46.2647,-119.119,45.58871,-122.5968,315,334
PSC-SEA,PSC,SEA,538,484,532,516,534,522,550,544,506,530,46.2647,-119.119,47.44989,-122.3117,316,5256
PSC-SFO,PSC,SFO,62,56,62,60,62,60,62,62,60,62,46.2647,-119.119,37.61881,-122.3754,317,608
PSC-SLC,PSC,SLC,172,154,176,172,176,172,180,178,168,170,46.2647,-119.119,40.7884,-111.9777,318,1718
PSP-BLI,PSP,BLI,28,32,48,30,26,16,18,18,18,32,33.82967,-116.5067,48.7927,-122.5375,319,266
PSP-PDX,PSP,PDX,71,72,110,120,72,4,8,8,10,66,33.82967,-116.5067,45.58871,-122.5968,320,541
PSP-SEA,PSP,SEA,192,269,344,290,195,36,26,34,70,114,33.82967,-116.5067,47.44989,-122.3117,321,1570
PUW-SEA,PUW,SEA,224,200,244,232,216,170,178,186,210,220,46.74387,-117.1096,47.44989,-122.3117,322,2080
RDM-DEN,RDM,DEN,76,56,62,100,124,148,152,158,152,155,44.25407,-121.1499,39.86167,-104.6731,323,1183
RDM-LAX,RDM,LAX,63,56,62,104,124,120,124,124,120,122,44.25407,-121.1499,33.9425,-118.408,324,1019
RDM-MFR,RDM,MFR,2,0,0,0,0,0,0,0,0,0,44.25407,-121.1499,42.37423,-122.8735,325,2
RDM-PDX,RDM,PDX,240,216,238,232,264,290,300,290,226,238,44.25407,-121.1499,45.58871,-122.5968,326,2534
RDM-PHX,RDM,PHX,62,56,62,60,62,60,62,62,60,62,44.25407,-121.1499,33.43428,-112.0115,327,608
RDM-SEA,RDM,SEA,414,374,424,412,428,420,434,434,410,424,44.25407,-121.1499,47.44989,-122.3117,328,4174
RDM-SFO,RDM,SFO,233,205,246,240,248,296,310,304,258,287,44.25407,-121.1499,37.61881,-122.3754,329,2627
RDM-SLC,RDM,SLC,112,100,122,120,120,120,124,124,120,116,44.25407,-121.1499,40.7884,-111.9777,330,1178
RDU-SEA,RDU,SEA,124,112,124,118,124,120,122,124,114,118,35.87765,-78.78747,47.44989,-122.3117,331,1200
RNO-BOI,RNO,BOI,62,56,56,52,54,50,54,54,48,52,39.49912,-119.7681,43.56437,-116.2228,332,538
RNO-PDX,RNO,PDX,184,112,153,164,174,180,186,184,162,166,39.49912,-119.7681,45.58871,-122.5968,333,1665
RNO-SEA,RNO,SEA,220,200,239,240,246,240,248,246,222,228,39.49912,-119.7681,47.44989,-122.3117,334,2329
SAN-BLI,SAN,BLI,18,16,18,18,16,18,18,18,16,18,32.73356,-117.1896,48.7927,-122.5375,335,174
SAN-BOI,SAN,BOI,124,112,124,120,124,120,124,124,120,127,32.73356,-117.1896,43.56437,-116.2228,336,1219
SAN-EUG,SAN,EUG,0,0,0,0,10,16,18,8,0,0,32.73356,-117.1896,44.12459,-123.2119,337,52
SAN-GEG,SAN,GEG,0,0,0,0,0,0,0,0,8,61,32.73356,-117.1896,47.61903,-117.5352,338,69
SAN-PDX,SAN,PDX,346,318,354,336,348,396,414,412,380,357,32.73356,-117.1896,45.58871,-122.5968,339,3661
SAN-SEA,SAN,SEA,738,614,786,837,864,872,907,884,785,828,32.73356,-117.1896,47.44989,-122.3117,340,8115
SAT-SEA,SAT,SEA,62,56,62,60,62,60,62,62,60,62,29.53396,-98.46906,47.44989,-122.3117,341,608
SBA-PDX,SBA,PDX,62,56,62,60,62,60,62,62,60,62,34.4262,-119.8415,45.58871,-122.5968,342,608
SBA-SEA,SBA,SEA,62,56,62,60,62,60,62,62,60,62,34.4262,-119.8415,47.44989,-122.3117,343,608
SBP-SEA,SBP,SEA,62,56,62,60,62,60,62,62,60,62,35.23728,-120.6426,47.44989,-122.3117,344,608
SEA-ABQ,SEA,ABQ,67,56,103,120,124,120,124,122,110,114,47.44989,-122.3117,35.03894,-106.6082,345,1060
SEA-ALW,SEA,ALW,168,152,162,156,158,154,160,152,120,124,47.44989,-122.3117,46.0952,-118.2859,346,1506
SEA-ANC,SEA,ANC,916,814,963,950,1210,1557,1667,1643,1249,981,47.44989,-122.3117,61.17416,-149.9982,347,11950
SEA-ATL,SEA,ATL,385,348,467,492,524,550,715,672,555,506,47.44989,-122.3117,33.63671,-84.42787,348,5214
SEA-AUS,SEA,AUS,180,152,169,189,210,216,220,218,196,201,47.44989,-122.3117,30.19453,-97.66988,349,1951
SEA-BIL,SEA,BIL,116,104,120,120,124,120,124,124,120,124,47.44989,-122.3117,45.80786,-108.5435,350,1196
SEA-BLI,SEA,BLI,274,222,274,293,300,290,300,300,280,290,47.44989,-122.3117,48.7927,-122.5375,351,2823
SEA-BNA,SEA,BNA,116,103,122,118,120,194,246,233,170,117,47.44989,-122.3117,36.12448,-86.67817,352,1539
SEA-BOI,SEA,BOI,755,640,753,754,808,768,907,897,750,776,47.44989,-122.3117,43.56437,-116.2228,353,7808
SEA-BOS,SEA,BOS,268,248,320,390,450,488,538,522,436,404,47.44989,-122.3117,42.36295,-71.00639,354,4064
SEA-BUR,SEA,BUR,186,168,186,180,186,200,240,238,228,236,47.44989,-122.3117,34.2007,-118.3586,355,2048
SEA-BWI,SEA,BWI,138,114,172,180,186,180,185,186,129,108,47.44989,-122.3117,39.17574,-76.66899,356,1578
SEA-BZN,SEA,BZN,192,168,192,176,148,182,204,194,180,186,47.44989,-122.3117,45.77724,-111.1502,357,1822
SEA-CHS,SEA,CHS,36,32,40,44,44,42,44,46,40,44,47.44989,-122.3117,32.89865,-80.04053,358,412
SEA-CLE,SEA,CLE,0,0,0,26,34,36,34,14,0,0,47.44989,-122.3117,41.40942,-81.8547,359,144
SEA-CLT,SEA,CLT,160,152,131,104,176,227,242,243,227,182,47.44989,-122.3117,35.21376,-80.94906,360,1844
SEA-COS,SEA,COS,0,0,0,20,28,24,28,8,0,0,47.44989,-122.3117,38.80581,-104.7007,361,108
SEA-CVG,SEA,CVG,0,0,43,43,44,50,62,62,42,31,47.44989,-122.3117,39.04884,-84.66783,362,377
SEA-DAL,SEA,DAL,186,168,186,180,186,180,186,184,180,183,47.44989,-122.3117,32.84595,-96.85088,363,1819
SEA-DCA,SEA,DCA,124,112,124,120,121,120,124,124,118,124,47.44989,-122.3117,38.85145,-77.03772,364,1211
SEA-DEN,SEA,DEN,1064,930,1066,1084,1152,1291,1342,1360,1181,1108,47.44989,-122.3117,39.86167,-104.6731,365,11578
SEA-DFW,SEA,DFW,542,478,599,674,761,862,882,873,690,677,47.44989,-122.3117,32.89724,-97.0377,366,7038
SEA-DTW,SEA,DTW,302,268,300,407,478,508,566,562,395,348,47.44989,-122.3117,42.21245,-83.35339,367,4134
SEA-EAT,SEA,EAT,176,144,172,172,202,230,240,228,168,176,47.44989,-122.3117,47.39881,-120.2068,368,1908
SEA-EUG,SEA,EUG,408,372,420,412,424,418,432,435,412,422,47.44989,-122.3117,44.12459,-123.2119,369,4155
SEA-EWR,SEA,EWR,327,304,361,360,372,408,434,428,394,396,47.44989,-122.3117,40.69249,-74.16869,370,3784
SEA-FAI,SEA,FAI,310,280,298,284,298,346,372,370,284,292,47.44989,-122.3117,64.81511,-147.8564,371,3134
SEA-FAT,SEA,FAT,124,112,148,180,186,180,184,186,178,184,47.44989,-122.3117,36.77656,-119.7188,372,1662
SEA-FCA,SEA,FCA,168,152,174,172,180,180,186,186,180,184,47.44989,-122.3117,0,0,373,1762
SEA-FLL,SEA,FLL,74,64,90,118,108,120,124,124,70,62,47.44989,-122.3117,26.07167,-80.1497,374,954
SEA-GEG,SEA,GEG,1293,1146,1290,1301,1310,1332,1356,1392,1323,1369,47.44989,-122.3117,47.61903,-117.5352,375,13112
SEA-GTF,SEA,GTF,62,56,62,103,112,120,124,118,94,97,47.44989,-122.3117,47.48231,-111.3702,376,948
SEA-HDN,SEA,HDN,36,32,28,0,0,0,0,0,0,0,47.44989,-122.3117,40.4812,-107.2176,377,96
SEA-HLN,SEA,HLN,62,56,62,60,62,60,62,62,58,62,47.44989,-122.3117,46.60673,-111.9832,378,606
SEA-HNL,SEA,HNL,317,276,310,296,310,300,310,310,300,312,47.44989,-122.3117,21.31783,-157.9202,379,3041
SEA-HOU,SEA,HOU,0,0,0,0,0,48,62,12,0,0,47.44989,-122.3117,29.64542,-95.2789,380,122
SEA-IAD,SEA,IAD,185,160,222,232,240,284,308,309,288,299,47.44989,-122.3117,38.94745,-77.45995,381,2527
SEA-IAH,SEA,IAH,332,272,340,407,515,538,556,524,403,383,47.44989,-122.3117,29.98444,-95.34145,382,4270
SEA-ICT,SEA,ICT,62,56,62,60,62,60,62,62,60,62,47.44989,-122.3117,37.64995,-97.43306,383,608
SEA-IND,SEA,IND,62,56,62,60,62,86,122,124,114,116,47.44989,-122.3117,39.71731,-86.29464,384,864
SEA-JAC,SEA,JAC,14,8,10,0,0,8,8,8,0,0,47.44989,-122.3117,43.60734,-110.7377,385,56
SEA-JFK,SEA,JFK,374,336,404,389,485,591,790,792,664,616,47.44989,-122.3117,40.63993,-73.7787,386,5441
SEA-JNU,SEA,JNU,158,144,159,162,253,383,403,403,219,155,47.44989,-122.3117,58.35472,-134.5784,387,2439
SEA-KOA,SEA,KOA,178,164,186,180,172,146,150,152,114,162,47.44989,-122.3117,19.73877,-156.0456,388,1604
SEA-KTN,SEA,KTN,186,168,186,180,224,342,372,360,216,186,47.44989,-122.3117,55.35409,-131.7112,389,2420
SEA-LAS,SEA,LAS,985,856,1046,1055,1109,1177,1224,1272,1134,1170,47.44989,-122.3117,36.08006,-115.1522,390,11028
SEA-LAX,SEA,LAX,1678,1502,1717,1727,1827,1842,1898,1902,1742,1828,47.44989,-122.3117,33.9425,-118.408,391,17663
SEA-LGB,SEA,LGB,124,110,102,120,123,120,124,124,68,62,47.44989,-122.3117,33.81793,-118.1519,392,1077
SEA-LIH,SEA,LIH,168,160,186,164,156,150,160,150,164,166,47.44989,-122.3117,21.97599,-159.3389,393,1624
SEA-LWS,SEA,LWS,114,104,102,96,104,110,116,92,0,0,47.44989,-122.3117,46.37451,-117.0154,394,838
SEA-MCI,SEA,MCI,121,96,142,155,168,223,246,248,224,230,47.44989,-122.3117,39.29762,-94.7139,395,1853
SEA-MCO,SEA,MCO,142,169,214,182,180,174,219,199,148,137,47.44989,-122.3117,28.42939,-81.309,396,1764
SEA-MDW,SEA,MDW,112,94,153,162,170,260,290,206,179,126,47.44989,-122.3117,41.78598,-87.75242,397,1752
SEA-MFR,SEA,MFR,230,206,278,292,304,346,372,365,350,362,47.44989,-122.3117,42.37423,-122.8735,398,3105
SEA-MIA,SEA,MIA,76,56,62,60,62,108,124,102,60,62,47.44989,-122.3117,25.79537,-80.29011,399,772
SEA-MKE,SEA,MKE,124,112,124,120,120,168,184,180,170,128,47.44989,-122.3117,42.94695,-87.89706,400,1430
SEA-MSN,SEA,MSN,0,0,0,0,0,0,0,2,0,0,47.44989,-122.3117,43.13989,-89.33751,401,2
SEA-MSO,SEA,MSO,238,216,238,220,240,240,248,248,230,238,47.44989,-122.3117,46.91631,-114.0905,402,2356
SEA-MSP,SEA,MSP,449,405,502,551,590,637,660,666,537,502,47.44989,-122.3117,44.88198,-93.22179,403,5499
SEA-MSY,SEA,MSY,62,66,72,60,62,60,62,62,60,66,47.44989,-122.3117,29.99328,-90.25903,404,632
SEA-OAK,SEA,OAK,608,532,530,538,570,608,642,645,615,643,47.44989,-122.3117,37.72125,-122.2211,405,5931
SEA-OGG,SEA,OGG,248,224,250,246,235,205,213,219,240,248,47.44989,-122.3117,20.89866,-156.4304,406,2328
SEA-OKC,SEA,OKC,62,56,62,60,62,60,62,62,60,60,47.44989,-122.3117,35.39308,-97.60077,407,606
SEA-OMA,SEA,OMA,62,56,62,60,62,60,62,62,60,60,47.44989,-122.3117,41.30317,-95.89406,408,606
SEA-ONT,SEA,ONT,127,112,153,164,168,162,168,170,162,166,47.44989,-122.3117,34.056,-117.6012,409,1552
SEA-ORD,SEA,ORD,806,620,732,891,1015,1107,1167,1188,1036,1042,47.44989,-122.3117,41.97453,-87.9066,410,9604
SEA-PDX,SEA,PDX,1818,1604,1790,1783,1872,1860,1995,1976,1699,1790,47.44989,-122.3117,45.58871,-122.5968,411,18187
SEA-PHL,SEA,PHL,128,112,124,120,180,220,230,240,230,193,47.44989,-122.3117,39.87209,-75.24066,412,1777
SEA-PHX,SEA,PHX,965,948,1188,1130,1060,996,1022,1020,952,994,47.44989,-122.3117,33.43428,-112.0115,413,10275
SEA-PIT,SEA,PIT,0,0,0,0,0,0,0,0,50,62,47.44989,-122.3117,40.49142,-80.2327,414,112
SEA-PSC,SEA,PSC,538,484,532,516,534,522,550,544,506,530,47.44989,-122.3117,46.2647,-119.119,415,5256
SEA-PSP,SEA,PSP,192,269,344,290,195,36,26,34,70,114,47.44989,-122.3117,33.82967,-116.5067,416,1570
SEA-PUW,SEA,PUW,224,200,244,232,216,170,178,186,210,220,47.44989,-122.3117,46.74387,-117.1096,417,2080
SEA-RDM,SEA,RDM,414,374,424,412,428,420,434,434,410,424,47.44989,-122.3117,44.25407,-121.1499,418,4174
SEA-RDU,SEA,RDU,124,112,124,118,124,120,122,124,114,118,47.44989,-122.3117,35.87765,-78.78747,419,1200
SEA-RNO,SEA,RNO,220,200,239,240,246,240,248,246,222,228,47.44989,-122.3117,39.49912,-119.7681,420,2329
SEA-SAN,SEA,SAN,738,614,786,837,864,872,907,884,785,828,47.44989,-122.3117,32.73356,-117.1896,421,8115
SEA-SAT,SEA,SAT,62,56,62,60,62,60,62,62,60,62,47.44989,-122.3117,29.53396,-98.46906,422,608
SEA-SBA,SEA,SBA,62,56,62,60,62,60,62,62,60,62,47.44989,-122.3117,34.4262,-119.8415,423,608
SEA-SBP,SEA,SBP,62,56,62,60,62,60,62,62,60,62,47.44989,-122.3117,35.23728,-120.6426,424,608
SEA-SFO,SEA,SFO,1637,1443,1584,1516,1623,1681,1713,1886,1491,1568,47.44989,-122.3117,37.61881,-122.3754,425,16142
SEA-SIT,SEA,SIT,0,0,0,0,39,148,155,155,29,0,47.44989,-122.3117,57.04684,-135.361,426,526
SEA-SJC,SEA,SJC,879,790,898,900,930,955,1023,1104,1016,1049,47.44989,-122.3117,37.363,-121.9286,427,9544
SEA-SLC,SEA,SLC,671,616,697,687,710,745,790,790,671,702,47.44989,-122.3117,40.7884,-111.9777,428,7079
SEA-SMF,SEA,SMF,752,654,855,885,920,907,933,955,893,929,47.44989,-122.3117,38.69545,-121.5907,429,8683
SEA-SNA,SEA,SNA,684,670,761,735,759,750,757,778,712,748,47.44989,-122.3117,33.67567,-117.8682,430,7354
SEA-STL,SEA,STL,133,112,165,180,178,163,172,171,168,178,47.44989,-122.3117,38.7487,-90.37004,431,1620
SEA-STS,SEA,STS,62,56,62,60,86,120,124,124,118,62,47.44989,-122.3117,38.5097,-122.8129,432,874
SEA-SUN,SEA,SUN,66,64,78,4,0,46,80,78,50,24,47.44989,-122.3117,43.50379,-114.2955,433,490
SEA-TPA,SEA,TPA,62,56,62,60,62,60,62,62,60,62,47.44989,-122.3117,27.97548,-82.53325,434,608
SEA-TUS,SEA,TUS,106,104,130,72,64,60,62,62,60,62,47.44989,-122.3117,32.11607,-110.941,435,782
SEA-YKM,SEA,YKM,232,168,226,216,220,214,222,214,178,184,47.44989,-122.3117,46.56817,-120.544,436,2074
SFO-BOI,SFO,BOI,294,272,309,289,310,300,302,310,296,303,37.61881,-122.3754,43.56437,-116.2228,437,2985
SFO-EUG,SFO,EUG,239,189,229,236,248,280,282,293,258,262,37.61881,-122.3754,44.12459,-123.2119,438,2516
SFO-GEG,SFO,GEG,124,112,124,120,124,120,122,184,122,123,37.61881,-122.3754,47.61903,-117.5352,439,1275
SFO-MFR,SFO,MFR,255,216,232,234,248,289,300,308,286,300,37.61881,-122.3754,42.37423,-122.8735,440,2668
SFO-OTH,SFO,OTH,36,32,56,60,62,60,62,62,60,62,37.61881,-122.3754,43.41695,-124.247,441,552
SFO-PDX,SFO,PDX,981,924,1123,1085,1060,1104,1121,1144,1076,1059,37.61881,-122.3754,45.58871,-122.5968,442,10677
SFO-PSC,SFO,PSC,62,56,62,60,62,60,62,62,60,62,37.61881,-122.3754,46.2647,-119.119,443,608
SFO-RDM,SFO,RDM,233,205,246,240,248,296,310,304,258,287,37.61881,-122.3754,44.25407,-121.1499,444,2627
SFO-SEA,SFO,SEA,1637,1443,1584,1516,1623,1681,1713,1886,1491,1568,37.61881,-122.3754,47.44989,-122.3117,445,16142
SFO-SUN,SFO,SUN,62,56,62,4,0,5,62,62,7,0,37.61881,-122.3754,43.50379,-114.2955,446,320
SIT-SEA,SIT,SEA,0,0,0,0,39,148,155,155,29,0,57.04684,-135.361,47.44989,-122.3117,447,526
SJC-BOI,SJC,BOI,62,56,62,106,124,120,124,124,120,124,37.363,-121.9286,43.56437,-116.2228,448,1022
SJC-EUG,SJC,EUG,62,56,62,60,62,60,62,50,0,0,37.363,-121.9286,44.12459,-123.2119,449,474
SJC-GEG,SJC,GEG,0,0,0,46,62,60,62,62,60,62,37.363,-121.9286,47.61903,-117.5352,450,414
SJC-PDX,SJC,PDX,524,457,474,529,590,592,615,623,580,618,37.363,-121.9286,45.58871,-122.5968,451,5602
SJC-SEA,SJC,SEA,879,790,898,900,930,955,1023,1104,1016,1049,37.363,-121.9286,47.44989,-122.3117,452,9544
SLC-BOI,SLC,BOI,394,352,410,404,404,400,392,416,366,394,40.7884,-111.9777,43.56437,-116.2228,453,3932
SLC-EUG,SLC,EUG,114,100,124,120,120,120,124,126,120,124,40.7884,-111.9777,44.12459,-123.2119,454,1192
SLC-GEG,SLC,GEG,218,200,236,232,230,232,236,244,214,234,40.7884,-111.9777,47.61903,-117.5352,455,2276
SLC-IDA,SLC,IDA,224,204,238,232,238,230,270,282,182,234,40.7884,-111.9777,43.51373,-112.0707,456,2334
SLC-LWS,SLC,LWS,102,88,110,112,114,110,120,124,112,158,40.7884,-111.9777,46.37451,-117.0154,457,1150
SLC-MFR,SLC,MFR,114,100,122,120,124,120,124,118,120,124,40.7884,-111.9777,42.37423,-122.8735,458,1186
SLC-PDX,SLC,PDX,452,420,471,447,469,508,522,530,448,464,40.7884,-111.9777,45.58871,-122.5968,459,4731
SLC-PIH,SLC,PIH,176,160,236,232,238,212,198,228,238,240,40.7884,-111.9777,42.90981,-112.5959,460,2158
SLC-PSC,SLC,PSC,172,154,176,172,176,172,180,178,168,170,40.7884,-111.9777,46.2647,-119.119,461,1718
SLC-RDM,SLC,RDM,112,100,122,120,120,120,124,124,120,116,40.7884,-111.9777,44.25407,-121.1499,462,1178
SLC-SEA,SLC,SEA,671,616,697,687,710,745,790,790,671,702,40.7884,-111.9777,47.44989,-122.3117,463,7079
SLC-SUN,SLC,SUN,127,112,124,120,124,154,180,180,158,186,40.7884,-111.9777,43.50379,-114.2955,464,1465
SLC-TWF,SLC,TWF,187,169,244,236,226,206,190,220,170,178,40.7884,-111.9777,42.48181,-114.4877,465,2026
SMF-BOI,SMF,BOI,124,112,124,120,124,120,124,124,118,133,38.69545,-121.5907,43.56437,-116.2228,466,1223
SMF-GEG,SMF,GEG,62,56,62,60,62,60,62,62,60,62,38.69545,-121.5907,47.61903,-117.5352,467,608
SMF-PDX,SMF,PDX,465,356,475,498,518,486,522,532,485,510,38.69545,-121.5907,45.58871,-122.5968,468,4847
SMF-SEA,SMF,SEA,752,654,855,885,920,907,933,955,893,929,38.69545,-121.5907,47.44989,-122.3117,469,8683
SNA-PDX,SNA,PDX,202,224,236,224,229,221,230,234,228,238,33.67567,-117.8682,45.58871,-122.5968,470,2266
SNA-SEA,SNA,SEA,684,670,761,735,759,750,757,778,712,748,33.67567,-117.8682,47.44989,-122.3117,471,7354
STL-PDX,STL,PDX,62,56,104,120,100,60,62,62,60,62,38.7487,-90.37004,45.58871,-122.5968,472,748
STL-SEA,STL,SEA,133,112,165,180,178,163,172,171,168,178,38.7487,-90.37004,47.44989,-122.3117,473,1620
STS-PDX,STS,PDX,62,56,62,60,85,120,124,124,118,124,38.5097,-122.8129,45.58871,-122.5968,474,935
STS-SEA,STS,SEA,62,56,62,60,86,120,124,124,118,62,38.5097,-122.8129,47.44989,-122.3117,475,874
SUN-DEN,SUN,DEN,62,55,62,4,0,5,62,62,7,0,43.50379,-114.2955,39.86167,-104.6731,476,319
SUN-LAX,SUN,LAX,66,56,62,4,0,44,62,62,46,12,43.50379,-114.2955,33.9425,-118.408,477,414
SUN-ORD,SUN,ORD,2,4,10,0,0,0,0,0,0,0,43.50379,-114.2955,41.97453,-87.9066,478,16
SUN-PDX,SUN,PDX,18,16,18,0,0,10,16,18,10,0,43.50379,-114.2955,45.58871,-122.5968,479,106
SUN-SEA,SUN,SEA,66,64,78,4,0,46,80,78,50,24,43.50379,-114.2955,47.44989,-122.3117,480,490
SUN-SFO,SUN,SFO,62,56,62,4,0,5,62,62,7,0,43.50379,-114.2955,37.61881,-122.3754,481,320
SUN-SLC,SUN,SLC,127,112,124,120,124,154,180,180,158,186,43.50379,-114.2955,40.7884,-111.9777,482,1465
TPA-SEA,TPA,SEA,62,56,62,60,62,60,62,62,60,62,27.97548,-82.53325,47.44989,-122.3117,483,608
TUS-PDX,TUS,PDX,62,56,62,60,52,0,0,0,0,0,32.11607,-110.941,45.58871,-122.5968,484,292
TUS-SEA,TUS,SEA,106,104,130,72,64,60,62,62,60,62,32.11607,-110.941,47.44989,-122.3117,485,782
TWF-DEN,TWF,DEN,6,4,6,1,0,0,0,0,0,0,42.48181,-114.4877,39.86167,-104.6731,486,17
TWF-ORD,TWF,ORD,0,1,2,0,0,0,0,0,0,0,42.48181,-114.4877,41.97453,-87.9066,487,3
TWF-SFO,TWF,SFO,6,4,4,1,0,0,0,0,0,0,42.48181,-114.4877,37.61881,-122.3754,488,15
TWF-SLC,TWF,SLC,187,169,244,236,226,206,190,220,170,178,42.48181,-114.4877,40.7884,-111.9777,489,2026
TWF-SUN,TWF,SUN,0,1,0,0,0,0,1,0,0,0,42.48181,-114.4877,43.50379,-114.2955,490,2
YKM-SEA,YKM,SEA,232,168,226,216,220,214,222,214,178,184,46.56817,-120.544,47.44989,-122.3117,491,2074